2026/10/03 17:44:01.254, 0, 79 %, 2655 MHz, 80, 418.94 W, 0x0000000000000004
2026/10/03 17:44:01.261, 1, 0 %, 2625 MHz, 66, 169.48 W, 0x0000000000000000
2026/10/03 17:44:01.265, 2, 100 %, 2272 MHz, 81, 549.98 W, 0x0000000000000004
2026/10/03 17:44:01.270, 3, 100 %, 2347 MHz, 70, 549.96 W, 0x0000000000000004
2026/10/03 17:44:01.274, 4, 100 %, 2235 MHz, 89, 549.99 W, 0x0000000000000004
2026/10/03 17:44:01.317, 5, 100 %, 2182 MHz, 91, 549.96 W, 0x0000000000000004
2026/10/03 17:44:01.334, 6, 51 %, 2775 MHz, 71, 267.34 W, 0x0000000000000000
2026/10/03 17:44:01.365, 7, 100 %, 2250 MHz, 82, 549.98 W, 0x0000000000000004
2026/10/03 17:44:03.786, 0, 100 %, 2655 MHz, 79, 260.27 W, 0x0000000000000004
2026/10/03 17:44:03.819, 1, 43 %, 2632 MHz, 69, 251.42 W, 0x0000000000000004
2026/10/03 17:44:03.836, 2, 97 %, 2475 MHz, 82, 548.29 W, 0x0000000000000004
2026/10/03 17:44:03.853, 3, 40 %, 2782 MHz, 63, 384.91 W, 0x0000000000000000
2026/10/03 17:44:03.887, 4, 100 %, 2235 MHz, 89, 549.98 W, 0x0000000000000004
2026/10/03 17:44:03.917, 5, 100 %, 2152 MHz, 92, 549.96 W, 0x0000000000000004
2026/10/03 17:44:03.937, 6, 68 %, 2692 MHz, 69, 227.13 W, 0x0000000000000000
2026/10/03 17:44:03.950, 7, 100 %, 2242 MHz, 82, 549.98 W, 0x0000000000000004
2026/10/03 17:44:06.143, 0, 100 %, 2182 MHz, 80, 549.98 W, 0x0000000000000004
2026/10/03 17:44:06.148, 1, 12 %, 2805 MHz, 68, 327.03 W, 0x0000000000000000
2026/10/03 17:44:06.153, 2, 100 %, 2482 MHz, 82, 514.41 W, 0x0000000000000004
2026/10/03 17:44:06.168, 3, 100 %, 2760 MHz, 68, 293.11 W, 0x0000000000000004
2026/10/03 17:44:06.176, 4, 100 %, 2235 MHz, 89, 549.99 W, 0x0000000000000004
2026/10/03 17:44:06.180, 5, 100 %, 2220 MHz, 91, 552.41 W, 0x0000000000000004
2026/10/03 17:44:06.184, 6, 15 %, 2775 MHz, 78, 346.29 W, 0x0000000000000000
2026/10/03 17:44:06.188, 7, 100 %, 2182 MHz, 82, 549.99 W, 0x0000000000000004
2026/10/03 17:44:08.363, 0, 100 %, 2205 MHz, 81, 549.98 W, 0x0000000000000004
2026/10/03 17:44:08.387, 1, 100 %, 2302 MHz, 80, 551.70 W, 0x0000000000000004
2026/10/03 17:44:08.414, 2, 100 %, 2280 MHz, 82, 528.98 W, 0x0000000000000004
2026/10/03 17:44:08.441, 3, 70 %, 2767 MHz, 63, 420.73 W, 0x0000000000000000
2026/10/03 17:44:08.470, 4, 100 %, 2227 MHz, 89, 549.99 W, 0x0000000000000004
2026/10/03 17:44:08.491, 5, 100 %, 2220 MHz, 91, 550.00 W, 0x0000000000000004
2026/10/03 17:44:08.515, 6, 0 %, 2745 MHz, 72, 345.97 W, 0x0000000000000000
2026/10/03 17:44:08.531, 7, 100 %, 2137 MHz, 82, 550.00 W, 0x0000000000000004
2026/10/03 17:44:10.762, 0, 88 %, 2310 MHz, 80, 546.17 W, 0x0000000000000004
2026/10/03 17:44:10.769, 1, 100 %, 2302 MHz, 81, 549.99 W, 0x0000000000000004
2026/10/03 17:44:10.787, 2, 100 %, 2280 MHz, 82, 549.98 W, 0x0000000000000004
2026/10/03 17:44:10.804, 3, 0 %, 2827 MHz, 61, 338.01 W, 0x0000000000000000
2026/10/03 17:44:10.811, 4, 100 %, 2235 MHz, 89, 549.97 W, 0x0000000000000004
2026/10/03 17:44:10.815, 5, 100 %, 2167 MHz, 92, 549.95 W, 0x0000000000000004
2026/10/03 17:44:10.820, 6, 0 %, 2820 MHz, 69, 177.68 W, 0x0000000000000000
2026/10/03 17:44:10.824, 7, 100 %, 2145 MHz, 83, 550.02 W, 0x0000000000000004
2026/10/03 17:44:13.370, 0, 100 %, 2227 MHz, 80, 555.85 W, 0x0000000000000004
2026/10/03 17:44:13.425, 1, 100 %, 2272 MHz, 82, 550.86 W, 0x0000000000000004
2026/10/03 17:44:13.491, 2, 100 %, 2280 MHz, 82, 549.98 W, 0x0000000000000004
2026/10/03 17:44:13.562, 3, 100 %, 2310 MHz, 71, 550.00 W, 0x0000000000000004
2026/10/03 17:44:13.591, 4, 100 %, 2235 MHz, 89, 549.99 W, 0x0000000000000004
2026/10/03 17:44:13.648, 5, 100 %, 2182 MHz, 92, 550.00 W, 0x0000000000000004
2026/10/03 17:44:13.702, 6, 100 %, 2310 MHz, 81, 550.30 W, 0x0000000000000004
2026/10/03 17:44:13.752, 7, 100 %, 2197 MHz, 83, 549.98 W, 0x0000000000000004
2026/10/03 17:44:16.335, 0, 100 %, 2190 MHz, 81, 550.00 W, 0x0000000000000004
2026/10/03 17:44:16.354, 1, 0 %, 2827 MHz, 70, 308.34 W, 0x0000000000000000
2026/10/03 17:44:16.361, 2, 100 %, 2272 MHz, 82, 550.00 W, 0x0000000000000004
2026/10/03 17:44:16.369, 3, 100 %, 2377 MHz, 72, 549.97 W, 0x0000000000000004
2026/10/03 17:44:16.397, 4, 100 %, 2235 MHz, 89, 549.99 W, 0x0000000000000004
2026/10/03 17:44:16.410, 5, 100 %, 2190 MHz, 91, 549.99 W, 0x0000000000000004
2026/10/03 17:44:16.418, 6, 100 %, 2295 MHz, 83, 549.99 W, 0x0000000000000004
2026/10/03 17:44:16.426, 7, 100 %, 2175 MHz, 83, 549.97 W, 0x0000000000000004
2026/10/03 17:44:18.929, 0, 100 %, 2332 MHz, 81, 551.49 W, 0x0000000000000004
2026/10/03 17:44:18.972, 1, 54 %, 2610 MHz, 78, 122.90 W, 0x0000000000000004
2026/10/03 17:44:19.002, 2, 100 %, 2175 MHz, 82, 549.97 W, 0x0000000000000004
2026/10/03 17:44:19.043, 3, 100 %, 2325 MHz, 72, 549.98 W, 0x0000000000000004
2026/10/03 17:44:19.047, 4, 100 %, 2227 MHz, 89, 549.98 W, 0x0000000000000004
2026/10/03 17:44:19.051, 5, 100 %, 2392 MHz, 91, 467.43 W, 0x0000000000000004
2026/10/03 17:44:19.055, 6, 100 %, 2302 MHz, 83, 549.99 W, 0x0000000000000004
2026/10/03 17:44:19.059, 7, 100 %, 2122 MHz, 83, 549.96 W, 0x0000000000000004
2026/10/03 17:44:21.563, 0, 100 %, 2332 MHz, 82, 550.04 W, 0x0000000000000004
2026/10/03 17:44:21.588, 1, 100 %, 2242 MHz, 81, 451.12 W, 0x0000000000000004
2026/10/03 17:44:21.611, 2, 0 %, 2835 MHz, 68, 138.84 W, 0x0000000000000000
2026/10/03 17:44:21.624, 3, 100 %, 2392 MHz, 73, 550.00 W, 0x0000000000000004
2026/10/03 17:44:21.646, 4, 100 %, 2227 MHz, 89, 549.99 W, 0x0000000000000004
2026/10/03 17:44:21.651, 5, 100 %, 2137 MHz, 91, 549.98 W, 0x0000000000000004
2026/10/03 17:44:21.656, 6, 74 %, 2445 MHz, 80, 557.30 W, 0x0000000000000004
2026/10/03 17:44:21.661, 7, 100 %, 2197 MHz, 83, 547.30 W, 0x0000000000000004
2026/10/03 17:44:24.007, 0, 100 %, 2250 MHz, 82, 549.86 W, 0x0000000000000004
2026/10/03 17:44:24.014, 1, 100 %, 2227 MHz, 82, 549.99 W, 0x0000000000000004
2026/10/03 17:44:24.018, 2, 100 %, 2212 MHz, 81, 550.29 W, 0x0000000000000004
2026/10/03 17:44:24.022, 3, 100 %, 2385 MHz, 73, 549.98 W, 0x0000000000000004
2026/10/03 17:44:24.026, 4, 100 %, 2227 MHz, 89, 550.00 W, 0x0000000000000004
2026/10/03 17:44:24.051, 5, 100 %, 2122 MHz, 91, 549.96 W, 0x0000000000000004
2026/10/03 17:44:24.065, 6, 70 %, 2385 MHz, 78, 531.77 W, 0x0000000000000004
2026/10/03 17:44:24.072, 7, 100 %, 2220 MHz, 83, 549.97 W, 0x0000000000000004
2026/10/03 17:44:26.371, 0, 100 %, 2167 MHz, 82, 515.38 W, 0x0000000000000004
2026/10/03 17:44:26.407, 1, 100 %, 2302 MHz, 83, 549.99 W, 0x0000000000000004
2026/10/03 17:44:26.424, 2, 100 %, 2542 MHz, 82, 548.69 W, 0x0000000000000004
2026/10/03 17:44:26.443, 3, 100 %, 2385 MHz, 73, 549.98 W, 0x0000000000000004
2026/10/03 17:44:26.459, 4, 100 %, 2145 MHz, 89, 549.99 W, 0x0000000000000004
2026/10/03 17:44:26.471, 5, 100 %, 2122 MHz, 91, 549.95 W, 0x0000000000000004
2026/10/03 17:44:26.481, 6, 100 %, 2287 MHz, 83, 549.96 W, 0x0000000000000004
2026/10/03 17:44:26.498, 7, 95 %, 2295 MHz, 79, 539.03 W, 0x0000000000000004
2026/10/03 17:44:28.786, 0, 100 %, 2160 MHz, 82, 550.00 W, 0x0000000000000004
2026/10/03 17:44:28.812, 1, 100 %, 2302 MHz, 83, 549.99 W, 0x0000000000000004
2026/10/03 17:44:28.819, 2, 100 %, 2220 MHz, 82, 550.00 W, 0x0000000000000004
2026/10/03 17:44:28.828, 3, 100 %, 2385 MHz, 74, 549.99 W, 0x0000000000000004
2026/10/03 17:44:28.833, 4, 100 %, 2175 MHz, 89, 550.02 W, 0x0000000000000004
2026/10/03 17:44:28.837, 5, 100 %, 2175 MHz, 91, 550.00 W, 0x0000000000000004
2026/10/03 17:44:28.858, 6, 100 %, 2287 MHz, 84, 550.02 W, 0x0000000000000004
2026/10/03 17:44:28.865, 7, 0 %, 2842 MHz, 72, 298.68 W, 0x0000000000000000
2026/10/03 17:44:31.071, 0, 0 %, 2865 MHz, 69, 167.43 W, 0x0000000000000000
2026/10/03 17:44:31.080, 1, 100 %, 2295 MHz, 84, 549.99 W, 0x0000000000000004
2026/10/03 17:44:31.085, 2, 77 %, 2257 MHz, 82, 543.60 W, 0x0000000000000004
2026/10/03 17:44:31.089, 3, 100 %, 2310 MHz, 74, 549.99 W, 0x0000000000000004
2026/10/03 17:44:31.094, 4, 100 %, 2205 MHz, 89, 549.98 W, 0x0000000000000004
2026/10/03 17:44:31.098, 5, 100 %, 2175 MHz, 91, 549.99 W, 0x0000000000000004
2026/10/03 17:44:31.103, 6, 100 %, 2280 MHz, 84, 549.99 W, 0x0000000000000004
2026/10/03 17:44:31.108, 7, 100 %, 2227 MHz, 82, 549.97 W, 0x0000000000000004
2026/10/03 17:44:33.323, 0, 100 %, 2257 MHz, 80, 550.34 W, 0x0000000000000004
2026/10/03 17:44:33.339, 1, 100 %, 2295 MHz, 84, 549.99 W, 0x0000000000000004
2026/10/03 17:44:33.348, 2, 0 %, 2820 MHz, 80, 205.10 W, 0x0000000000000004
2026/10/03 17:44:33.352, 3, 100 %, 2287 MHz, 74, 550.01 W, 0x0000000000000004
2026/10/03 17:44:33.359, 4, 100 %, 2137 MHz, 90, 549.99 W, 0x0000000000000004
2026/10/03 17:44:33.370, 5, 100 %, 2197 MHz, 91, 551.03 W, 0x0000000000000004
2026/10/03 17:44:33.378, 6, 100 %, 2235 MHz, 85, 550.00 W, 0x0000000000000004
2026/10/03 17:44:33.390, 7, 83 %, 2250 MHz, 81, 545.51 W, 0x0000000000000004
2026/10/03 17:44:35.642, 0, 100 %, 2250 MHz, 81, 550.02 W, 0x0000000000000004
2026/10/03 17:44:35.669, 1, 100 %, 2460 MHz, 74, 459.29 W, 0x0000000000000000
2026/10/03 17:44:35.694, 2, 100 %, 2190 MHz, 82, 550.00 W, 0x0000000000000004
2026/10/03 17:44:35.734, 3, 100 %, 2370 MHz, 74, 549.99 W, 0x0000000000000004
2026/10/03 17:44:35.757, 4, 100 %, 2152 MHz, 90, 550.00 W, 0x0000000000000004
2026/10/03 17:44:35.807, 5, 87 %, 2835 MHz, 91, 278.57 W, 0x0000000000000004
2026/10/03 17:44:35.836, 6, 100 %, 2235 MHz, 85, 549.97 W, 0x0000000000000004
2026/10/03 17:44:35.898, 7, 100 %, 2235 MHz, 81, 297.84 W, 0x0000000000000004
2026/10/03 17:44:38.102, 0, 100 %, 2175 MHz, 81, 550.01 W, 0x0000000000000004
2026/10/03 17:44:38.123, 1, 100 %, 2235 MHz, 84, 447.78 W, 0x0000000000000004
2026/10/03 17:44:38.131, 2, 21 %, 2535 MHz, 78, 432.99 W, 0x0000000000000000
2026/10/03 17:44:38.139, 3, 100 %, 2332 MHz, 75, 550.00 W, 0x0000000000000004
2026/10/03 17:44:38.150, 4, 100 %, 2175 MHz, 90, 549.97 W, 0x0000000000000004
2026/10/03 17:44:38.157, 5, 100 %, 2182 MHz, 90, 549.98 W, 0x0000000000000004
2026/10/03 17:44:38.169, 6, 100 %, 2242 MHz, 86, 550.00 W, 0x0000000000000004
2026/10/03 17:44:38.179, 7, 100 %, 2197 MHz, 82, 549.98 W, 0x0000000000000004
2026/10/03 17:44:40.641, 0, 100 %, 2205 MHz, 82, 550.01 W, 0x0000000000000004
2026/10/03 17:44:40.655, 1, 100 %, 2220 MHz, 85, 549.98 W, 0x0000000000000004
2026/10/03 17:44:40.662, 2, 0 %, 2835 MHz, 67, 152.15 W, 0x0000000000000000
2026/10/03 17:44:40.728, 3, 100 %, 2325 MHz, 75, 549.99 W, 0x0000000000000004
2026/10/03 17:44:40.787, 4, 100 %, 2167 MHz, 89, 549.99 W, 0x0000000000000004
2026/10/03 17:44:40.825, 5, 0 %, 2835 MHz, 79, 230.99 W, 0x0000000000000000
2026/10/03 17:44:40.863, 6, 100 %, 2377 MHz, 86, 551.03 W, 0x0000000000000004
2026/10/03 17:44:40.874, 7, 100 %, 2272 MHz, 82, 551.65 W, 0x0000000000000004
2026/10/03 17:44:43.071, 0, 100 %, 2242 MHz, 82, 549.96 W, 0x0000000000000004
2026/10/03 17:44:43.090, 1, 56 %, 2325 MHz, 79, 533.70 W, 0x0000000000000000
2026/10/03 17:44:43.101, 2, 100 %, 2280 MHz, 81, 549.99 W, 0x0000000000000004
2026/10/03 17:44:43.113, 3, 100 %, 2340 MHz, 75, 549.99 W, 0x0000000000000004
2026/10/03 17:44:43.130, 4, 100 %, 2145 MHz, 90, 549.97 W, 0x0000000000000004
2026/10/03 17:44:43.166, 5, 100 %, 2175 MHz, 88, 332.71 W, 0x0000000000000004
2026/10/03 17:44:43.186, 6, 100 %, 2377 MHz, 86, 549.97 W, 0x0000000000000004
2026/10/03 17:44:43.233, 7, 100 %, 2272 MHz, 82, 549.95 W, 0x0000000000000004
2026/10/03 17:44:45.674, 0, 100 %, 2242 MHz, 82, 549.95 W, 0x0000000000000004
2026/10/03 17:44:45.688, 1, 100 %, 2317 MHz, 84, 352.56 W, 0x0000000000000004
2026/10/03 17:44:45.700, 2, 82 %, 2445 MHz, 81, 549.81 W, 0x0000000000000004
2026/10/03 17:44:45.712, 3, 100 %, 2400 MHz, 75, 549.98 W, 0x0000000000000004
2026/10/03 17:44:45.720, 4, 100 %, 2175 MHz, 89, 551.94 W, 0x0000000000000004
2026/10/03 17:44:45.745, 5, 100 %, 2167 MHz, 89, 549.99 W, 0x0000000000000004
2026/10/03 17:44:45.750, 6, 100 %, 2370 MHz, 86, 549.98 W, 0x0000000000000004
2026/10/03 17:44:45.755, 7, 100 %, 2272 MHz, 82, 549.97 W, 0x0000000000000004
2026/10/03 17:44:47.963, 0, 100 %, 2242 MHz, 82, 550.00 W, 0x0000000000000004
2026/10/03 17:44:47.980, 1, 100 %, 2310 MHz, 85, 549.99 W, 0x0000000000000004
2026/10/03 17:44:47.988, 2, 100 %, 2272 MHz, 81, 549.97 W, 0x0000000000000004
2026/10/03 17:44:47.996, 3, 100 %, 2392 MHz, 75, 549.99 W, 0x0000000000000004
2026/10/03 17:44:48.011, 4, 100 %, 2182 MHz, 89, 549.97 W, 0x0000000000000004
2026/10/03 17:44:48.018, 5, 0 %, 2797 MHz, 78, 209.99 W, 0x0000000000000000
2026/10/03 17:44:48.027, 6, 100 %, 2370 MHz, 86, 549.96 W, 0x0000000000000004
2026/10/03 17:44:48.036, 7, 100 %, 2272 MHz, 82, 549.97 W, 0x0000000000000004
2026/10/03 17:44:50.292, 0, 91 %, 2385 MHz, 80, 541.99 W, 0x0000000000000004
2026/10/03 17:44:50.317, 1, 100 %, 2272 MHz, 85, 549.98 W, 0x0000000000000004
2026/10/03 17:44:50.334, 2, 100 %, 2272 MHz, 81, 549.99 W, 0x0000000000000004
2026/10/03 17:44:50.345, 3, 100 %, 2280 MHz, 75, 557.55 W, 0x0000000000000004
2026/10/03 17:44:50.356, 4, 100 %, 2197 MHz, 89, 549.95 W, 0x0000000000000004
2026/10/03 17:44:50.375, 5, 0 %, 2265 MHz, 87, 373.81 W, 0x0000000000000004
2026/10/03 17:44:50.393, 6, 100 %, 2362 MHz, 87, 549.99 W, 0x0000000000000004
2026/10/03 17:44:50.415, 7, 100 %, 2265 MHz, 83, 549.93 W, 0x0000000000000004
2026/10/03 17:44:52.856, 0, 0 %, 2865 MHz, 69, 153.90 W, 0x0000000000000000
2026/10/03 17:44:52.921, 1, 100 %, 2272 MHz, 86, 549.98 W, 0x0000000000000004
2026/10/03 17:44:52.973, 2, 100 %, 2265 MHz, 82, 549.98 W, 0x0000000000000004
2026/10/03 17:44:52.983, 3, 100 %, 2572 MHz, 74, 448.73 W, 0x0000000000000000
2026/10/03 17:44:52.988, 4, 100 %, 2205 MHz, 89, 550.29 W, 0x0000000000000004
2026/10/03 17:44:52.994, 5, 100 %, 2235 MHz, 88, 550.00 W, 0x0000000000000004
2026/10/03 17:44:52.998, 6, 100 %, 2362 MHz, 87, 549.99 W, 0x0000000000000004
2026/10/03 17:44:53.003, 7, 100 %, 2137 MHz, 83, 549.95 W, 0x0000000000000004
2026/10/03 17:44:55.500, 0, 0 %, 2842 MHz, 72, 226.16 W, 0x0000000000000004
2026/10/03 17:44:55.530, 1, 100 %, 2272 MHz, 86, 549.99 W, 0x0000000000000004
2026/10/03 17:44:55.539, 2, 100 %, 2265 MHz, 82, 550.01 W, 0x0000000000000004
2026/10/03 17:44:55.548, 3, 100 %, 2340 MHz, 75, 549.99 W, 0x0000000000000004
2026/10/03 17:44:55.560, 4, 100 %, 2160 MHz, 89, 550.00 W, 0x0000000000000004
2026/10/03 17:44:55.567, 5, 100 %, 2167 MHz, 88, 550.01 W, 0x0000000000000004
2026/10/03 17:44:55.576, 6, 100 %, 2362 MHz, 87, 550.01 W, 0x0000000000000004
2026/10/03 17:44:55.587, 7, 0 %, 2842 MHz, 71, 194.05 W, 0x0000000000000000
2026/10/03 17:44:57.761, 0, 100 %, 2235 MHz, 81, 549.98 W, 0x0000000000000004
2026/10/03 17:44:57.811, 1, 100 %, 2272 MHz, 87, 549.98 W, 0x0000000000000004
2026/10/03 17:44:57.839, 2, 0 %, 2835 MHz, 68, 133.42 W, 0x0000000000000000
2026/10/03 17:44:57.877, 3, 100 %, 2280 MHz, 76, 549.99 W, 0x0000000000000004
2026/10/03 17:44:57.920, 4, 100 %, 2400 MHz, 89, 550.44 W, 0x0000000000000004
2026/10/03 17:44:57.934, 5, 100 %, 2167 MHz, 88, 549.98 W, 0x0000000000000004
2026/10/03 17:44:57.951, 6, 100 %, 2362 MHz, 87, 549.99 W, 0x0000000000000004
2026/10/03 17:44:57.962, 7, 0 %, 2610 MHz, 68, 106.07 W, 0x0000000000000000
2026/10/03 17:45:00.216, 0, 100 %, 2235 MHz, 81, 549.99 W, 0x0000000000000004
2026/10/03 17:45:00.228, 1, 100 %, 2272 MHz, 87, 549.99 W, 0x0000000000000004
2026/10/03 17:45:00.239, 2, 0 %, 2760 MHz, 66, 198.38 W, 0x0000000000000000
2026/10/03 17:45:00.255, 3, 100 %, 2280 MHz, 76, 550.00 W, 0x0000000000000004
2026/10/03 17:45:00.282, 4, 0 %, 2820 MHz, 78, 216.02 W, 0x0000000000000000
2026/10/03 17:45:00.289, 5, 100 %, 2212 MHz, 89, 550.03 W, 0x0000000000000004
2026/10/03 17:45:00.311, 6, 100 %, 2355 MHz, 88, 550.00 W, 0x0000000000000004
2026/10/03 17:45:00.322, 7, 0 %, 2842 MHz, 69, 302.30 W, 0x0000000000000000
2026/10/03 17:45:02.828, 0, 100 %, 2175 MHz, 82, 549.99 W, 0x0000000000000004
2026/10/03 17:45:02.849, 1, 100 %, 2265 MHz, 87, 549.98 W, 0x0000000000000004
2026/10/03 17:45:02.879, 2, 0 %, 2467 MHz, 67, 321.72 W, 0x0000000000000000
2026/10/03 17:45:02.896, 3, 100 %, 2370 MHz, 76, 549.98 W, 0x0000000000000004
2026/10/03 17:45:02.927, 4, 0 %, 2610 MHz, 75, 117.38 W, 0x0000000000000000
2026/10/03 17:45:02.950, 5, 100 %, 2182 MHz, 89, 550.00 W, 0x0000000000000004
2026/10/03 17:45:02.991, 6, 100 %, 2355 MHz, 88, 549.99 W, 0x0000000000000004
2026/10/03 17:45:03.022, 7, 0 %, 2610 MHz, 66, 104.66 W, 0x0000000000000000
2026/10/03 17:45:05.392, 0, 100 %, 2197 MHz, 82, 549.85 W, 0x0000000000000004
2026/10/03 17:45:05.417, 1, 100 %, 2265 MHz, 87, 549.98 W, 0x0000000000000004
2026/10/03 17:45:05.434, 2, 100 %, 2280 MHz, 79, 549.98 W, 0x0000000000000004
2026/10/03 17:45:05.451, 3, 100 %, 2362 MHz, 76, 549.98 W, 0x0000000000000004
2026/10/03 17:45:05.466, 4, 0 %, 2617 MHz, 75, 183.50 W, 0x0000000000000000
2026/10/03 17:45:05.471, 5, 100 %, 2130 MHz, 89, 549.99 W, 0x0000000000000004
2026/10/03 17:45:05.476, 6, 100 %, 2355 MHz, 88, 549.98 W, 0x0000000000000004
2026/10/03 17:45:05.480, 7, 34 %, 2842 MHz, 68, 208.85 W, 0x0000000000000000
2026/10/03 17:45:07.961, 0, 0 %, 2842 MHz, 69, 182.29 W, 0x0000000000000000
2026/10/03 17:45:07.992, 1, 100 %, 2265 MHz, 88, 549.98 W, 0x0000000000000004
2026/10/03 17:45:08.057, 2, 100 %, 2280 MHz, 80, 549.98 W, 0x0000000000000004
2026/10/03 17:45:08.092, 3, 100 %, 2377 MHz, 76, 549.99 W, 0x0000000000000004
2026/10/03 17:45:08.164, 4, 100 %, 2287 MHz, 86, 549.97 W, 0x0000000000000004
2026/10/03 17:45:08.209, 5, 100 %, 2175 MHz, 90, 549.98 W, 0x0000000000000004
2026/10/03 17:45:08.253, 6, 100 %, 2347 MHz, 88, 549.97 W, 0x0000000000000004
2026/10/03 17:45:08.284, 7, 86 %, 2557 MHz, 73, 354.54 W, 0x0000000000000004
2026/10/03 17:45:10.583, 0, 0 %, 2610 MHz, 66, 102.83 W, 0x0000000000000000
2026/10/03 17:45:10.613, 1, 100 %, 2265 MHz, 88, 549.98 W, 0x0000000000000004
2026/10/03 17:45:10.619, 2, 100 %, 2280 MHz, 80, 549.97 W, 0x0000000000000004
2026/10/03 17:45:10.623, 3, 100 %, 2377 MHz, 76, 549.98 W, 0x0000000000000004
2026/10/03 17:45:10.627, 4, 34 %, 2662 MHz, 77, 318.69 W, 0x0000000000000000
2026/10/03 17:45:10.631, 5, 100 %, 2175 MHz, 90, 550.00 W, 0x0000000000000004
2026/10/03 17:45:10.636, 6, 100 %, 2280 MHz, 89, 550.01 W, 0x0000000000000004
2026/10/03 17:45:10.640, 7, 100 %, 2220 MHz, 78, 549.99 W, 0x0000000000000004
2026/10/03 17:45:12.852, 0, 100 %, 2197 MHz, 79, 553.26 W, 0x0000000000000004
2026/10/03 17:45:12.895, 1, 100 %, 2265 MHz, 88, 549.98 W, 0x0000000000000004
2026/10/03 17:45:12.924, 2, 100 %, 2272 MHz, 80, 550.00 W, 0x0000000000000004
2026/10/03 17:45:12.950, 3, 100 %, 2287 MHz, 76, 549.98 W, 0x0000000000000004
2026/10/03 17:45:12.983, 4, 0 %, 2610 MHz, 72, 106.17 W, 0x0000000000000000
2026/10/03 17:45:13.009, 5, 100 %, 2167 MHz, 90, 549.98 W, 0x0000000000000004
2026/10/03 17:45:13.083, 6, 100 %, 2280 MHz, 89, 549.98 W, 0x0000000000000004
2026/10/03 17:45:13.133, 7, 100 %, 2227 MHz, 79, 549.91 W, 0x0000000000000004
